02__Station13__Camera1__2012-7-18__6-46-56(1).JPG,Cat_Group_0
02__Station13__Camera1__2012-7-18__6-46-56(2).JPG,Cat_Group_0
02__Station13__Camera1__2012-7-18__6-46-58(3).JPG,Cat_Group_0
02__Station13__Camera1__2012-7-18__6-46-58(4).JPG,Cat_Group_0
02__Station13__Camera1__2012-7-18__6-46-58(5).JPG,Cat_Group_0
02__Station13__Camera1__2012-7-18__6-47-0(6).JPG,Cat_Group_0
02__Station19__Camera2__2012-6-21__1-34-44(5).JPG,Cat_Group_1
02__Station19__Camera2__2012-6-21__1-34-46(6).JPG,Cat_Group_1
02__Station19__Camera2__2012-6-21__1-34-46(7).JPG,Cat_Group_1
02__Station19__Camera2__2012-6-21__1-34-48(8).JPG,Cat_Group_1
02__Station19__Camera2__2012-6-21__1-34-48(9).JPG,Cat_Group_1
02__Station33__Camera1__2012-8-10__22-47-18(1).JPG,Cat_Group_2
02__Station33__Camera1__2012-8-10__22-47-18(2).JPG,Cat_Group_2
02__Station33__Camera1__2012-8-10__22-47-20(4).JPG,Cat_Group_2
02__Station33__Camera1__2012-8-10__22-47-20(5).JPG,Cat_Group_2
02__Station33__Camera1__2012-8-10__22-47-20(6).JPG,Cat_Group_2
02__Station33__Camera1__2012-8-10__22-47-22(7).JPG,Cat_Group_2
02__Station33__Camera1__2012-8-10__22-47-22(8).JPG,Cat_Group_2
02__Station33__Camera1__2012-8-10__22-47-22(9).JPG,Cat_Group_2
02__Station33__Camera1__2012-8-10__22-47-24(0).JPG,Cat_Group_2
